{"target 90": [-0.56224932, 0.02032, -0.01373632], "target 89": [-0.55418482, 0.02032, -0.54583076], "target 86": [0.55993538, 0.02032, -0.54391306], "target 18": [0.01102868, 0.02032, 0.55896764], "target 92": [0.55777638, 0.02032, -0.01009142], "target 91": [0.31540958, 0.02032, -0.43026584], "target 98": [0.43113452, 0.02032, 0.30685232], "target 3": [-0.54759098, 0.02032, 0.56155082], "target 96": [-0.29647642, 0.02032, -0.42435272], "target 85": [-0.42968926, 0.02032, 0.28210002], "target 6": [-0.3131693, 0.02032, 0.43017948], "target 102": [-0.00780542, 0.02032, -0.56125872], "target 21": [0.5587746, 0.02032, 0.5441823], "target 27": [0.4244594, 0.02032, -0.31818834], "target 95": [-0.42633138, 0.02032, -0.29937964], "target 12": [0.29946346, 0.02032, 0.4283837]}